case_id,n_level2_masks,level2_masks
00055F389E6088,1,mask_Level-II.nii.gz
00343DA00B8B4C,1,mask_CTVn_L2.nii.gz
006E4D14324424,1,mask_CTVn_L2.nii.gz
00E0FFF5E1513D,1,mask_CTV-Level-II.nii.gz
010D22E87B19DC,1,mask_CTV-N-L2.nii.gz
01134574EED7AA,1,mask_Level-II.nii.gz
019D7F56746439,1,mask_Level-II.nii.gz
021F28BD33402E,1,mask_CTV-N-L2.nii.gz
02301A54F7F44E,1,mask_CTVn_L2.nii.gz
0234AFAB946A3E,1,mask_CTVn_L2.nii.gz
023BDE2FB0DD87,1,mask_CTV-N-L2.nii.gz
023D67DD25AB25,1,mask_CTV-N-L2.nii.gz
02458A80354065,1,mask_Level-II.nii.gz
024F2899BB080C,1,mask_Level-II.nii.gz
0283DB2C7A6AA5,1,mask_CTVn_L2.nii.gz
0360F333D7132F,1,mask_CTV-N-L2.nii.gz
038980646DFD9B,1,mask_Level-II.nii.gz
03C277A01689C5,1,mask_Level-II.nii.gz
03EB7AA03E0C75,1,mask_CTVn_L2.nii.gz
03ED3AD5F06D3B,1,mask_CTVn_L2.nii.gz
041605802B57B3,1,mask_Level_2.nii.gz
04320EA7E49256,1,mask_Level-II.nii.gz
04421D6F2600EF,1,mask_CTVn_L2.nii.gz
0460137CE362EA,1,mask_CTV-Level-II.nii.gz
046DA42BDD8840,1,mask_CTVn_L2.nii.gz
049D6C5267DB13,1,mask_Level-II.nii.gz
04D433DB53AA1D,1,mask_CTVn_L2.nii.gz
04E7F054F6174E,1,mask_Level-II.nii.gz
051350E5E2A4E9,1,mask_Level_2.nii.gz
058C9797D6F5CC,1,mask_CTVn_L2.nii.gz
068ABC6C5C8321,1,mask_Level-II.nii.gz
06A25769E262B6,1,mask_CTVn_L2.nii.gz
06B851596F9350,1,mask_CTVn_L2.nii.gz
06CB97D35FAB22,1,mask_Level_2.nii.gz
06EFA9878E2F82,1,mask_CTV-N-L2.nii.gz
070C2C55589089,1,mask_CTVn_L2.nii.gz
0774B80D7E9701,1,mask_CTVn_L2.nii.gz
07B0D009BDEB1B,1,mask_Level-II.nii.gz
07F15870FC2506,1,mask_Level-II.nii.gz
07FBAB60EB8576,1,mask_Level-II.nii.gz
08062ECCDEC3C8,1,mask_CTVn_L2.nii.gz
081794CFCB2852,1,mask_Level-II.nii.gz
085F400D5B7124,1,mask_CTV-Level-II.nii.gz
089BDDC92A98B6,1,mask_CTVn_L2.nii.gz
08B7DEF9FDADD1,1,mask_CTV-N-L2.nii.gz
08F0012C40D62A,1,mask_Level-II.nii.gz
08F27978CE436C,1,mask_CTV-Level-II.nii.gz
08F644FE150D73,1,mask_CTV-Level-II.nii.gz
091AE3340A989D,1,mask_CTVn_L2.nii.gz
099A67BA8E24B0,1,mask_Level-II.nii.gz
0A050459AA48B8,1,mask_CTVn_L2.nii.gz
0AB661F6414948,1,mask_CTVn_L2.nii.gz
0AF49C8B161A2A,1,mask_Level-II.nii.gz
0B3553BB9D16FC,1,mask_CTVn_L2.nii.gz
0BB172128DF8BE,1,mask_Level-II.nii.gz
0BB4E53590C209,1,mask_Level-II.nii.gz
0BF850188A89C0,1,mask_CTVn_L2.nii.gz
0C102F04E6A60D,1,mask_Level-II.nii.gz
0C4E9A3BA5CA7F,1,mask_Level-II.nii.gz
0C5B5A6B045484,1,mask_Level-II.nii.gz
0CAF72607ABD24,1,mask_Level-II.nii.gz
0CD8B6CB8F4826,1,mask_Level-II.nii.gz
0D026945FB5269,1,mask_CTVn_L2.nii.gz
0D16159CC17BD9,1,mask_Level-II.nii.gz
0D6D0CFC36594B,1,mask_CTVn_L2.nii.gz
0D7FA8DAB05F11,1,mask_CTVn_L2.nii.gz
0D998276978767,1,mask_CTVn_L2.nii.gz
0DA0AD2F2173F4,1,mask_Level-II.nii.gz
0DA750FC601AAF,1,mask_CTVn_L2.nii.gz
0DC0816214B8AD,1,mask_CTVn_L2.nii.gz
0DDD669C9DB277,1,mask_Level-II.nii.gz
0DE8D7314C78E5,1,mask_CTVn_L2.nii.gz
0DEF8472CDA761,1,mask_Level-II.nii.gz
0E17AD705110FA,1,mask_CTVn_L2.nii.gz
0E3AC0844EBC08,1,mask_Level-II.nii.gz
0E5287AB81E91A,1,mask_CTVn_L2.nii.gz
0E66C2EFE4CAF0,1,mask_Level_2.nii.gz
0E794C18F3F5FE,1,mask_Level-II.nii.gz
0EA1C6F216BDDB,1,mask_Level-II.nii.gz
0EFA9A5A37AD0D,1,mask_Level_2.nii.gz
0EFEA2B88AA7C9,1,mask_CTV-Level-II.nii.gz
0F3F15A9B5F85D,1,mask_CTVn_L2.nii.gz
0F769539E3E62A,1,mask_CTV-Level-II.nii.gz
0FA2F06607C359,1,mask_CTV-Level-II.nii.gz
0FA637F91B021D,1,mask_Level-II.nii.gz
10AAC82E2D64EE,1,mask_CTVn_L2.nii.gz
1103383C5DC631,1,mask_Level-II.nii.gz
11625AED533757,1,mask_Level_2.nii.gz
11DA651570992F,1,mask_Level-II.nii.gz
11FB6FB4403E06,1,mask_Level-II.nii.gz
125BD3B725FB6B,1,mask_CTVn_L2.nii.gz
131E3AA8F3375B,1,mask_CTVn_L2.nii.gz
1360287622C5B3,1,mask_CTV-Level-II.nii.gz
1360E7E4DFE03D,1,mask_Level-II.nii.gz
139C82C48BE3AC,1,mask_CTVn_L2.nii.gz
13CD6C8D03C7B2,1,mask_Level-II.nii.gz
143D31E0534F82,1,mask_Level_2.nii.gz
14559C36BCC5B0,1,mask_CTVn_L2.nii.gz
14B90694BF4824,1,mask_Level-II.nii.gz
14CBEC1EC7772E,1,mask_CTVn_L2.nii.gz
14E3C9C5A0A1A7,1,mask_CTVn_L2.nii.gz
14F78B0C71C40C,1,mask_CTV-N-L2.nii.gz
1525615000D34E,1,mask_Level-II.nii.gz
15C254CDA86D7B,1,mask_CTV-Level-II.nii.gz
16664954BB0195,1,mask_CTV-Level-II.nii.gz
168612D9A5A3D9,1,mask_Level-II.nii.gz
16B187A3FD2B48,1,mask_CTVn_L2.nii.gz
16B92796B1E5EC,1,mask_Level-II.nii.gz
16F77FAE14F5AA,1,mask_CTVn_L2.nii.gz
172FA5828E9039,1,mask_Level-II.nii.gz
1763554D610600,1,mask_CTVn_L2.nii.gz
17B617464B4C59,1,mask_CTVn_L2.nii.gz
17D1DC4F4074CD,1,mask_CTVn_L2.nii.gz
17DDAE0F79F258,1,mask_Level-II.nii.gz
17E788E2FA75B5,1,mask_CTVn_L2.nii.gz
186C0F412F288F,1,mask_CTVn_L2.nii.gz
188CF0681300C4,1,mask_CTV-Level-II.nii.gz
18EA368B96D945,1,mask_CTVn_L2.nii.gz
19A28D0BF61E22,1,mask_Level-II.nii.gz
19F33662D692BF,1,mask_CTVn_L2.nii.gz
1A8141AAFD8B06,1,mask_CTVn_L2.nii.gz
1AB2C0F416CDF3,1,mask_CTV-Level-II.nii.gz
1AC0656608E502,1,mask_Level-II.nii.gz
1B037B200B4E40,1,mask_Level-II.nii.gz
1B388779E3DC9D,1,mask_CTV-Level-II.nii.gz
1B3BA8AD5B64B3,1,mask_Level-II.nii.gz
1B4529A4788226,1,mask_Level-II.nii.gz
1C38BCFE3049B7,1,mask_CTV-Level-II.nii.gz
1C3C6B58A460F0,1,mask_Level-II.nii.gz
1C5689F7C5278D,1,mask_CTVn_L2.nii.gz
1CC7A62D6B66BD,1,mask_Level_2.nii.gz
1CCBC4634B4D19,1,mask_Level-II.nii.gz
1CFA2173324220,1,mask_CTV-N-L2.nii.gz
1D2DE60FC12DF3,1,mask_Level-II.nii.gz
1D85E097BD354D,1,mask_Level_2.nii.gz
1D8A4EB1E917F0,1,mask_CTVn_L2.nii.gz
1DF9D1EADF1CFB,1,mask_Level-II.nii.gz
1DFAF9DC3C68D6,1,mask_CTVn_L2.nii.gz
1E673F41DBA619,1,mask_CTV-Level-II.nii.gz
1E6C8E3597A077,1,mask_CTV-Level-II.nii.gz
1E78E516FCD4A9,1,mask_Level-II.nii.gz
1E790C1FDC3BB1,1,mask_CTV-Level-II.nii.gz
1E80C8F66AA8B2,1,mask_Level-II.nii.gz
1E8324BB1AC759,1,mask_Level-II.nii.gz
1E84A1B66E5DCA,1,mask_Level-II.nii.gz
1ED025085C01C3,1,mask_Level-II.nii.gz
1ED8703D9C99D6,1,mask_CTV-Level-II.nii.gz
1F4C267EEC0171,1,mask_Level-II.nii.gz
1F9ED87C1ADB3A,1,mask_CTVn_L2.nii.gz
1FA6C633472844,1,mask_Level-II.nii.gz
1FBBB0B8B47D39,1,mask_CTVn_L2.nii.gz
1FCC6EC9727714,1,mask_CTVn_L2.nii.gz
1FE33023E03EC8,1,mask_CTV-Level-II.nii.gz
1FE9E3ACAEDA43,1,mask_CTV-Level-II.nii.gz
2005A888240091,1,mask_Level-II.nii.gz
2017F756A03913,1,mask_Level-II.nii.gz
201B0BF87E0D5D,1,mask_CTVn_L2.nii.gz
2068923C0480F6,1,mask_CTVn_L2.nii.gz
20EEA159CC0541,1,mask_CTV-N-L2.nii.gz
211646B8DE066C,1,mask_Level-II.nii.gz
2196FEAEA57C73,1,mask_CTVn_L2.nii.gz
21A80EF4ADC6D1,1,mask_CTV-Level-II.nii.gz
21D86470F6D3D2,1,mask_Level-II.nii.gz
21DF148EE050A7,1,mask_CTVn_L2.nii.gz
21E2B650290339,1,mask_Level-II.nii.gz
21F1BB34AC8993,1,mask_Level_2.nii.gz
221546AEC34236,1,mask_Level-II.nii.gz
2258D8F4F28FFF,1,mask_CTVn_L2.nii.gz
22710722047BD2,1,mask_Level_2.nii.gz
22988F3A9C6AA0,1,mask_CTV-Level-II.nii.gz
22C50F9EDCDC16,1,mask_Level-II.nii.gz
22EA46728BAE41,1,mask_Level_2.nii.gz
231298F6D81362,1,mask_Level_2.nii.gz
235F8C4076A6F5,1,mask_Level_2.nii.gz
23780A2F25C103,1,mask_Level-II.nii.gz
23EE29C7D439F7,1,mask_CTVn_L2.nii.gz
240C6AAD4BE911,1,mask_Level-II.nii.gz
242072EEC47567,1,mask_Level-II.nii.gz
246892AE516E4B,1,mask_CTVn_L2.nii.gz
24A4987C4999CD,1,mask_Level-II.nii.gz
24B2B8DD62271D,1,mask_CTVn_L2.nii.gz
24B8923AC7E869,1,mask_Level-II.nii.gz
24CA69EFB753FA,1,mask_CTVn_L2.nii.gz
2508DFFE7DA5FC,1,mask_Level_2.nii.gz
2544394C705D9F,1,mask_CTVn_L2.nii.gz
257476DD1539CF,1,mask_CTVn_L2.nii.gz
25C3F0F5689CDD,1,mask_CTVn_L2.nii.gz
25E165A58184CB,1,mask_CTVn_L2.nii.gz
2612B9AD2E3BD3,1,mask_CTVn_L2.nii.gz
26260946598F1B,2,mask_Level-2-BO.nii.gz|mask_Level-II.nii.gz
26AB538CDA33DE,1,mask_Level_2.nii.gz
26C6D0B1BFB309,1,mask_CTVn_L2.nii.gz
26C7FE21F082E7,1,mask_Level-II.nii.gz
26FA680124DE82,1,mask_CTVn_L2.nii.gz
270939FF3F2F73,1,mask_CTVn_L2.nii.gz
270C3C929934A3,1,mask_Level-II.nii.gz
27627D3F781994,1,mask_CTVn_L2.nii.gz
27A5FF731C7365,1,mask_CTVn_L2.nii.gz
27C6F8CC10626B,1,mask_CTVn_L2.nii.gz
27D24046A6CFD5,1,mask_CTV-N-L2.nii.gz
2820A01374A000,1,mask_CTVn_L2.nii.gz
28314AE0C52648,1,mask_CTVn_L2.nii.gz
285DA057CCCA60,1,mask_Level-II.nii.gz
28887A7EB80350,1,mask_CTV-N-L2.nii.gz
28AB5EC1C37813,1,mask_CTV-N-L2.nii.gz
28C427BE24E63B,1,mask_Level-II.nii.gz
29189CD5B996DD,1,mask_Level-II.nii.gz
295D561A68323A,1,mask_CTVn_L2.nii.gz
299419A913031B,1,mask_CTVn_L2.nii.gz
29A6B2240042C4,1,mask_Level-II.nii.gz
29AC329F00C66D,1,mask_Level-II.nii.gz
29AEA067AE5557,1,mask_CTVn_L2.nii.gz
29D8AEBE1E652B,1,mask_Level-II.nii.gz
2A4C3EAE0259FA,1,mask_CTVn_L2.nii.gz
2A8776B5C649C7,1,mask_CTV-N-L2.nii.gz
2AA97AE9382885,1,mask_CTVn_L2.nii.gz
2B06966D6BF630,1,mask_CTV-N-L2.nii.gz
2B2614C5359B2B,1,mask_Level-II.nii.gz
2B3463AFAA65E1,1,mask_CTVn_L2.nii.gz
2B63BA2CE4A45D,1,mask_Level-II.nii.gz
2B99488CF1BC69,1,mask_CTV-N-L2.nii.gz
2BAAB9BAD1A1F8,1,mask_Level-II.nii.gz
2BDB06B2EDFB17,1,mask_Level-II.nii.gz
2C8A5896944AE2,1,mask_Level_2.nii.gz
2D2BF03AE3C94D,1,mask_Level-II.nii.gz
2D5DC50393EBD4,1,mask_CTVn_L2.nii.gz
2D6C1668087F2D,1,mask_Level-II.nii.gz
2D7410BE4B79A5,1,mask_CTVn_L2.nii.gz
2D7984F71BCD6D,1,mask_CTVn_L2.nii.gz
2D8A79BA720A42,1,mask_Level-II.nii.gz
2DC6D83B465E84,1,mask_Level-II.nii.gz
2E1893C1BEEE99,1,mask_CTV-N-L2.nii.gz
2E37EE0B28F3C9,1,mask_CTV-Level-II.nii.gz
2EE0E20BDAD8A1,1,mask_CTV-Level-II.nii.gz
2F189521228C28,1,mask_CTVn_L2.nii.gz
2F797EB42C649D,1,mask_Level_2.nii.gz
2FC5CAD425F16E,1,mask_Level-II.nii.gz
3032D61C7F13A1,1,mask_Level-II.nii.gz
3065C75EFDF32E,1,mask_Level_2.nii.gz
306889F416BD4E,1,mask_CTVn_L2.nii.gz
307829E3F88043,1,mask_CTVn_L2.nii.gz
30D78E4ADAA86F,1,mask_CTVn_L2.nii.gz
30DBC093A626FC,1,mask_CTVn_L2.nii.gz
30EE5CDBDBBC5C,1,mask_Level-II.nii.gz
30F35853E48425,1,mask_CTV-Level-II.nii.gz
311ABA2E532B4B,1,mask_Level_2.nii.gz
3185E4560DC465,1,mask_CTVn_L2.nii.gz
32113821A1F6DA,1,mask_Level_2.nii.gz
3211402FCEBBE6,1,mask_CTV-Level-II.nii.gz
3212E48F62B59E,1,mask_CTVn_L2.nii.gz
323CDB9BA7C5AC,1,mask_Level-II.nii.gz
32B53105CAC6AF,1,mask_CTVn_L2.nii.gz
32C637B5148AD1,1,mask_Level-II.nii.gz
32C9692510CAD9,1,mask_Level-II.nii.gz
330BF36A19B804,1,mask_CTVn_L2.nii.gz
3318AB508CB934,1,mask_Level-II.nii.gz
338D019BACF6B1,1,mask_Level-II-III-ap.nii.gz
33BF9C8398A0ED,1,mask_CTVn_L2.nii.gz
33F349BFBB66CA,1,mask_Level-II.nii.gz
33FA26D8631B12,1,mask_Level-II.nii.gz
3430AAEF43C113,1,mask_CTV-Level-II.nii.gz
346F4827A8E411,1,mask_Level-II.nii.gz
34A68D45D3C275,1,mask_Level-II.nii.gz
34D12C3AAC9CCA,1,mask_CTVn_L2.nii.gz
35E326ECD9FAD3,1,mask_CTV-N-L2.nii.gz
361B9F0224E5EA,1,mask_Level-II.nii.gz
36CA356BF965B0,1,mask_Level-II.nii.gz
36E5004B2F1154,1,mask_CTVn_L2.nii.gz
373B1E39FA65BE,1,mask_Level_2.nii.gz
373D3DC80F2284,1,mask_CTVn_L2.nii.gz
375D6837BE3F30,1,mask_CTV-N-L2.nii.gz
37AF06CEB27ED1,1,mask_Level-II.nii.gz
37B91AA55F08E6,1,mask_CTVn_L2.nii.gz
381852A4657DDE,1,mask_CTVn_L2.nii.gz
383C2CB65C2B15,1,mask_Level-II.nii.gz
38C25EF491A53C,1,mask_CTVn_L2.nii.gz
38D9B8D577C2F1,1,mask_Level-II.nii.gz
39646FFD9D3FAD,1,mask_Level-II.nii.gz
3A0F48A613D730,1,mask_CTVn_L2.nii.gz
3A9E1BE2194001,1,mask_CTVn_L2.nii.gz
3B016F49F198D1,1,mask_Level-II.nii.gz
3B08258C6C2F19,1,mask_CTVn_L2.nii.gz
3B2E10B35C9197,1,mask_Level-II.nii.gz
3B358534DA1EB9,1,mask_CTVn_L2.nii.gz
3B4B73AC9280FE,1,mask_CTV-Level-II.nii.gz
3BC23E5F87A7D7,1,mask_CTVn_L2.nii.gz
3BD3B38ACD29F7,1,mask_CTV-Level-II.nii.gz
3C0F767B6D923C,1,mask_Level_2.nii.gz
3CA8282E175F0C,1,mask_CTVn_L2.nii.gz
3CD0132504EA47,1,mask_CTVn_L2.nii.gz
3D132313EE32FE,1,mask_CTVn_L2.nii.gz
3D31155A47CA91,1,mask_CTVn_L2.nii.gz
3D952E621BBB60,1,mask_CTVn_L2.nii.gz
3DACA272C231B3,1,mask_CTV-Level-II.nii.gz
3DDB25D93EECB4,1,mask_Level-II.nii.gz
3E21350237DACF,1,mask_Level-II.nii.gz
3E2A96B39FCE31,1,mask_CTVn_L2.nii.gz
3E553DD003F238,2,mask_CTVn_L2-BO.nii.gz|mask_CTVn_L2.nii.gz
3E7C95668307DA,1,mask_Level-II.nii.gz
3E9F396091D9B6,1,mask_Level-II.nii.gz
3EF9F7CE024A1E,1,mask_Level-II.nii.gz
3F0021CF20F8C4,1,mask_Level_2.nii.gz
3F516BFE949671,1,mask_Level_2.nii.gz
3F518DF37E9905,1,mask_CTVn_L2.nii.gz
3F8D5EE65DC79C,1,mask_Level-II.nii.gz
3FBFA4A6F9671D,1,mask_CTV-Level-II.nii.gz
4006C3D54E6A46,1,mask_CTVn_L2.nii.gz
404741A5A6CAD4,1,mask_Level-II.nii.gz
4070E35820BAEE,1,mask_Level-II.nii.gz
40762D107C13AF,1,mask_Level_2.nii.gz
4079E1E7D625CA,1,mask_CTVn_L2.nii.gz
40878356E555D5,1,mask_CTV-Level-II.nii.gz
40CE9D142A19F9,1,mask_Level-II.nii.gz
415DD83B204994,1,mask_CTVn_L2.nii.gz
417397592DF09B,1,mask_CTVn_L2.nii.gz
41D91533066D49,1,mask_Level-II.nii.gz
421F9474F62DCF,1,mask_Level-II.nii.gz
424971161F6CBA,1,mask_CTVn_L2.nii.gz
426542A6F0AB82,1,mask_CTV-N-L2.nii.gz
429FA189EB6297,1,mask_Level-II.nii.gz
43327691A592C4,1,mask_Level-II.nii.gz
4336263C0B92FE,1,mask_CTVn_L2.nii.gz
43778E055C165E,1,mask_Level-II.nii.gz
43A1D373A957C8,1,mask_CTVn_L2.nii.gz
4409DA06B196D0,1,mask_Level_2.nii.gz
441686A223A64B,1,mask_CTV-N-L2.nii.gz
4427DFBBEC5DE2,1,mask_Level-II.nii.gz
4447C7CB2A6C06,1,mask_Level-II.nii.gz
4481580FD3D2E2,1,mask_Level-II.nii.gz
45354C7BDAF9B4,1,mask_Level-II.nii.gz
4548A6E485980D,1,mask_Level-II.nii.gz
459997CEB610D6,1,mask_CTV-N-L2.nii.gz
45D8733A6D7DC2,1,mask_Level-II.nii.gz
45ED9529F285CE,1,mask_Level-II.nii.gz
45FF699CF00A0B,1,mask_Level-II.nii.gz
460C775B738DFA,1,mask_CTVn_L2.nii.gz
46210F8327E3A8,1,mask_Level-II.nii.gz
46250B5A8A8CAC,1,mask_Level-II.nii.gz
46E9B3D4D11FC0,1,mask_CTV-Level-II.nii.gz
46F7AA391B9FB3,1,mask_Level-II.nii.gz
470AB8164C0CBD,1,mask_Level-II.nii.gz
47116EB95A845F,1,mask_Level-II.nii.gz
4740785524BFD3,1,mask_CTV-N-L2.nii.gz
47475FC69AF883,1,mask_CTV-N-L2.nii.gz
474FCBA090452A,1,mask_Level_2.nii.gz
47611F5032EF38,1,mask_CTV-N-L2.nii.gz
4783A1C7A31F8B,1,mask_CTVn_L2.nii.gz
478759C7962367,1,mask_Level-II.nii.gz
47ACF0F839CEC6,1,mask_CTVn_L2.nii.gz
47CE7B282A3F27,1,mask_CTVn_L2.nii.gz
486BF0A8B5723B,1,mask_CTVn_L2.nii.gz
48A6291AE48A2C,1,mask_CTVn_L2.nii.gz
48D1A1C9104151,1,mask_Level-II.nii.gz
49129F79C1879B,1,mask_CTVn_L2.nii.gz
493DE29A102483,1,mask_CTVn_L2.nii.gz
49664C95BE3199,1,mask_Level-II.nii.gz
49C4BE7CCC7C12,1,mask_Level-II.nii.gz
49FD964E60B24B,1,mask_CTVn_L2.nii.gz
4A44533D80844E,1,mask_Level-II.nii.gz
4A4D6D09987408,1,mask_CTVn_L2.nii.gz
4A6D3565761F75,1,mask_CTV-Level-II.nii.gz
4A836FAD73C3E2,1,mask_CTVn_L2.nii.gz
4AB9790AB34D7C,2,mask_Level-II.nii.gz|mask_ph_level-II.nii.gz
4B1B6D7110F4E1,1,mask_Level_2.nii.gz
4B60E335E8ECE8,1,mask_Level_2.nii.gz
4BB3A0F00A2CFB,1,mask_Level-II.nii.gz
4BC0799E3BFE73,1,mask_CTVn_L2.nii.gz
4BC637FA66FE4E,1,mask_Level-II.nii.gz
4BD953DC49D4B4,1,mask_CTVn_L2.nii.gz
4CA424EC73A0EF,1,mask_CTVn_L2.nii.gz
4CBBB1949D8525,1,mask_Level-II.nii.gz
4CEB2A62857AA3,1,mask_Level-II.nii.gz
4D3A62FCBC7675,1,mask_Level-II.nii.gz
4D904B9A295F04,1,mask_CTVn_L2.nii.gz
4DCA54F71F453D,1,mask_CTVn_L2.nii.gz
4DE5C1627DEF5F,1,mask_CTVn_L2.nii.gz
4E14051BC28FC2,1,mask_CTVn_L2.nii.gz
4E2FEF83D121D9,1,mask_Level-II.nii.gz
4E719F9D5DC522,1,mask_CTVn_L2.nii.gz
4E9B557EC09DF2,1,mask_CTVn_L2.nii.gz
4EEFA137C3F3AE,1,mask_Level_2.nii.gz
4F360C3E88D4FE,1,mask_CTV-N-L2.nii.gz
4F4EF61B09DB47,1,mask_Level-II.nii.gz
4FA63E09BE7FAE,1,mask_CTVn_L2.nii.gz
4FB1BA9F03B880,1,mask_CTVn_L2.nii.gz
4FE11F8FAA9727,1,mask_CTV-N-L2.nii.gz
4FE3D5006314F9,1,mask_Level-II.nii.gz
4FE4FEC5A350AB,1,mask_Level-II.nii.gz
500D422F46DB28,1,mask_CTVn_L2.nii.gz
5023A051687F59,1,mask_CTVn_L2.nii.gz
503A17A3F243CD,1,mask_Level-II.nii.gz
50691495845D3E,1,mask_CTVn_L2.nii.gz
50A7B26D566DC5,1,mask_Level-II.nii.gz
50BE4B4DA3A527,1,mask_CTV-N-L2.nii.gz
513B55A062D11D,1,mask_CTVn-L2.nii.gz
51439810210711,1,mask_CTV-N-L2.nii.gz
514878675B5E84,1,mask_Level-II.nii.gz
5157D40B1C337F,1,mask_Level-II.nii.gz
5177A9922C441F,1,mask_CTV-N-L2.nii.gz
51882A9D67DF6B,1,mask_Level-II.nii.gz
51BC7E6BBE3099,1,mask_CTVn_L2.nii.gz
5258C9C2FAC313,1,mask_CTVn_L2.nii.gz
525E49D4CB9CA0,1,mask_CTVn_L2.nii.gz
5283C744D99CED,1,mask_Level-II.nii.gz
528918E1B90A94,1,mask_CTVn_L2.nii.gz
529C75945878A5,1,mask_CTVn_L2.nii.gz
52E9F532505B5F,1,mask_CTVn_L2.nii.gz
5329C98DD030EF,1,mask_CTVn_L2.nii.gz
5336DF12108B6C,1,mask_CTVn_L2.nii.gz
5363892691753A,1,mask_CTVn_L2.nii.gz
542C65A3EDB2BE,1,mask_CTVn_L2.nii.gz
543940E18926DF,1,mask_Level-II.nii.gz
544B0701F1AD19,1,mask_Level-II.nii.gz
549B7C925EE526,1,mask_CTVn_L2.nii.gz
553F80B311C378,1,mask_Level-II.nii.gz
55CBC230C345D8,1,mask_Level-II.nii.gz
55EEC1FF87DF6C,1,mask_CTVn_L2.nii.gz
55FEA062A6D899,1,mask_Level-II.nii.gz
5612BFDD95F9B1,1,mask_CTVn_L2.nii.gz
562003D472386F,1,mask_CTVn_L2.nii.gz
5633BA8081F1AA,1,mask_Level-II.nii.gz
56AE4AA056DD1A,1,mask_CTVn_L2.nii.gz
56B69AA6928CF4,1,mask_CTVn_L2.nii.gz
5708199235E6F5,1,mask_CTVn_L2.nii.gz
575FCA41506A89,1,mask_Level-II.nii.gz
57A2F39E84893B,1,mask_Level-II.nii.gz
5815D99687476A,1,mask_Level-II.nii.gz
582F4001913FE3,1,mask_Level-II.nii.gz
582FFB23F7DE40,1,mask_Level-II.nii.gz
58BAED1A0734D6,1,mask_CTVn_L2.nii.gz
58FDA456C73DE7,1,mask_CTVn_L2.nii.gz
59118A5D8E0C57,1,mask_CTVn_L2.nii.gz
5940BCF0C7F461,1,mask_CTVn_L2.nii.gz
59551F38F80C00,1,mask_Level-II.nii.gz
5959297170487F,1,mask_CTVn_-L2.nii.gz
596EA8B5E8CFAE,1,mask_CTV-Level-II.nii.gz
597E0EDD586BE0,1,mask_Level-II.nii.gz
59906248C6CE69,1,mask_CTV-N-L2.nii.gz
59B2F6E9FF320F,1,mask_Level-ll.nii.gz
5AC767F3258CEA,1,mask_Level-II.nii.gz
5AFDF7602EF4CF,1,mask_Level-II.nii.gz
5AFF8D97DC94F4,1,mask_Level-II.nii.gz
5B66D346C0CA2E,1,mask_Level-II.nii.gz
5BA351040A2A70,1,mask_Level-II.nii.gz
5BF94C69FB0CAC,1,mask_CTVn_L2.nii.gz
5C100500140EAB,1,mask_Level-II.nii.gz
5C584CD71DFE60,1,mask_CTVn_L2.nii.gz
5C7809ACE61712,1,mask_CTVn_L2.nii.gz
5CA5D12723C289,1,mask_CTV-Level-II.nii.gz
5CBF5C05D83819,1,mask_Level-II.nii.gz
5D039187FF77EF,1,mask_Level_2.nii.gz
5D155E0C30C8D1,1,mask_Level_2.nii.gz
5DC670C7711B67,1,mask_CTVn_L2.nii.gz
5DD603FB923478,1,mask_Level-II.nii.gz
5DE27E17B441D9,1,mask_Level-II.nii.gz
5DE6F7EFF65BC5,1,mask_Level-II.nii.gz
5E08117434D606,1,mask_CTVn_L2.nii.gz
5E7B1B036A64E1,1,mask_Level-II.nii.gz
5EAA62A05339B0,1,mask_CTVn_L2.nii.gz
5ED843EC7584C9,1,mask_Level-II.nii.gz
5EDB019E5729C1,1,mask_CTVn_L2.nii.gz
5F5DDC9BE9017B,1,mask_Level-II.nii.gz
5FA63784409CE9,1,mask_Level-II.nii.gz
6005064A021F8A,1,mask_Level_2.nii.gz
601896FCA153BD,1,mask_CTVn_L2.nii.gz
6053E8EC160A47,1,mask_CTVn_L2.nii.gz
606A8CFEA4D708,1,mask_CTVn_L2.nii.gz
6100C3D39311CC,1,mask_Level_2.nii.gz
61550C80D409F1,1,mask_CTV-Level-II.nii.gz
61A966E2121756,1,mask_CTV-N-L2.nii.gz
61F16F1FBFD1FE,1,mask_Level-II.nii.gz
61F40CFC08453C,1,mask_Level-II.nii.gz
6210D25E8C8BDB,1,mask_CTV-N-L2.nii.gz
6235D38739E941,1,mask_CTVn_L2.nii.gz
6262D6EE73E3B5,1,mask_Level-II.nii.gz
62AA8B6301D169,1,mask_Level-II.nii.gz
636EA879E5142B,1,mask_Level-II.nii.gz
63F29E0CFDA9FF,1,mask_CTVn_L2.nii.gz
640F612C5C8B2D,1,mask_CTVn_L2.nii.gz
6436786B1C82DB,1,mask_Level-II.nii.gz
6468BA3FE5D5B4,1,mask_CTVn_L2.nii.gz
647F5538D4050A,1,mask_Level_2.nii.gz
648CC5306853BF,1,mask_CTV-Level-II.nii.gz
6499841B1596D2,1,mask_CTVn_L2.nii.gz
64B8BEEE84FA03,1,mask_CTVn_L2.nii.gz
64D0CAE8A4F2A1,1,mask_CTV-N-L2.nii.gz
653595B6C2655E,1,mask_CTV-Level-II.nii.gz
6559C00E11CB40,1,mask_Level-II.nii.gz
659BB8FBC8749C,1,mask_CTV-N-L2.nii.gz
65B205D872AF77,1,mask_Level-II.nii.gz
66283AAFBC0653,1,mask_Level-II.nii.gz
663995FA8429E5,1,mask_Level-II.nii.gz
663C11924CC536,1,mask_CTVn_L2.nii.gz
66482954567B9A,1,mask_Level-II.nii.gz
6654E6699F67AA,1,mask_CTVn_L2.nii.gz
665A14E1E73A48,1,mask_CTVn_L2.nii.gz
66ECC031E116CD,1,mask_Level_2.nii.gz
66F0B115C0B25A,1,mask_Level-II.nii.gz
66F2DBC0EC6C36,1,mask_Level-II.nii.gz
674465B7B8EB6B,1,mask_Level-II.nii.gz
6765D7E3ACBB6A,1,mask_CTVn_L2.nii.gz
6783A525C64D35,1,mask_Level-II.nii.gz
679353BB2568AF,1,mask_Level-II.nii.gz
67D79027C048BA,1,mask_CTV-Level-II.nii.gz
67E763AEBE02BA,1,mask_Level-II.nii.gz
6878A38B3520BA,1,mask_Level-II.nii.gz
688CC73134642A,1,mask_Level_2.nii.gz
68A9388FC30EBA,1,mask_CTVn_L2.nii.gz
6908A3CE097192,1,mask_CTVn_L2.nii.gz
692732010D5535,1,mask_CTVn_L2.nii.gz
696309ABCBFF4E,1,mask_CTVn_L2.nii.gz
69924F9680889B,1,mask_CTVn_L2.nii.gz
69AB538FE234CB,1,mask_Level-II.nii.gz
6A36A6C401D057,1,mask_CTVn_L2.nii.gz
6A625715E7A1DC,1,mask_Level-II.nii.gz
6AAD7F1B3EB9F9,1,mask_CTVn_L2.nii.gz
6B07823B4DFCA1,1,mask_CTVn_L2.nii.gz
6B50284CD9F957,1,mask_Level-II.nii.gz
6BB7F4B10AE6BC,1,mask_Level-II.nii.gz
6BBD041D988457,1,mask_Level-II.nii.gz
6BDC4F5C849156,1,mask_Level-II.nii.gz
6BF529546D1F2A,1,mask_CTVn_L2.nii.gz
6C3E3238E59DEB,1,mask_CTVn_L2.nii.gz
6CC4D5D07DC4E8,1,mask_Level-II.nii.gz
6D34FC1BA5E52A,1,mask_CTV-Level-II.nii.gz
6E0FB65B4D1BDF,1,mask_CTV-Level-II.nii.gz
6E410A365F553D,1,mask_Level_2.nii.gz
6E53887942F309,1,mask_Level_2.nii.gz
6ED5166682F7E7,1,mask_CTVn_L2.nii.gz
6F07A31751F908,1,mask_CTVn_L2.nii.gz
6FA116A5A510B8,1,mask_Level-II.nii.gz
6FE58860F40AC3,1,mask_Level-II.nii.gz
704C8C6C145D3B,1,mask_Level-II.nii.gz
707B1227F96681,1,mask_Level-II.nii.gz
708FAD8DA52ABE,1,mask_Level-II.nii.gz
7092C07A163BE0,1,mask_CTVn_L2.nii.gz
709DA4EE366D63,1,mask_Level-II.nii.gz
719E181866AA07,1,mask_Level_2.nii.gz
71C10B4CA275C1,1,mask_CTV-N-L2.nii.gz
71C14D0AA55AEB,1,mask_CTVn_L2.nii.gz
71FDC6B2BE7F42,1,mask_CTVn_L2.nii.gz
7253ED8064279E,1,mask_CTVn_L2.nii.gz
72E116155D2644,1,mask_Level-II.nii.gz
736B6E06CC13E9,1,mask_Level-II.nii.gz
7379DDD3F809E2,1,mask_Level-II.nii.gz
73B1F56A36EBEB,1,mask_Level_2.nii.gz
73E723141AA039,1,mask_CTVn_L2.nii.gz
7434FD2E1078FE,1,mask_CTVn_L2.nii.gz
7446C833608FD1,1,mask_Level_2.nii.gz
74952FA07859EC,1,mask_CTVn_L2.nii.gz
74B4F8118A6E98,1,mask_Level-II.nii.gz
74FCD8FB28EA84,1,mask_CTVn_L2.nii.gz
756F8124EDF97F,1,mask_Level-II.nii.gz
7583345952133F,1,mask_CTV-N-L2.nii.gz
759DADB5EF7051,1,mask_Level-II.nii.gz
75C68847D6D3EA,1,mask_CTV-Level-II.nii.gz
76113AD3EAA9E7,1,mask_Level_2.nii.gz
76373F268B9DBF,1,mask_CTVn_L2.nii.gz
764DB52B9CC771,1,mask_CTVn_L2.nii.gz
765E7E2A0FF7D8,1,mask_CTVn_L2.nii.gz
7665D19CB67005,1,mask_Level-II.nii.gz
76AC17DF765E7B,1,mask_Level-II.nii.gz
76B7FA9896617D,1,mask_Level-II.nii.gz
76F1A5F88B28DB,1,mask_CTVn_L2.nii.gz
78B1B3433A8269,1,mask_Level-II.nii.gz
78F36D73E7206C,1,mask_CTVn_L2.nii.gz
78FE308397799E,1,mask_CTV-Level-II.nii.gz
79387AC8045523,1,mask_Level-II.nii.gz
794045C53E2402,1,mask_CTVn_L2.nii.gz
79453253E8664C,1,mask_CTVn_L2.nii.gz
795EC16C6EE0DE,1,mask_CTVn_L2.nii.gz
796E94CBFD492C,1,mask_Level-II.nii.gz
7A213F781521BF,1,mask_Level-II.nii.gz
7A3D3BE8A52331,1,mask_CTVn_L2.nii.gz
7A77BBFB400631,1,mask_CTVn_L2.nii.gz
7A7DE86E3CA71E,1,mask_CTVn_L2.nii.gz
7AA7712505908F,1,mask_Level-II.nii.gz
7AB44F37AEA1B6,1,mask_CTV-Level-II.nii.gz
7ACE2298C40B48,1,mask_Level-II-III-ap.nii.gz
7B11C543A7D63C,1,mask_Level-II.nii.gz
7B12A2734D26DC,1,mask_Level-II.nii.gz
7B1CC2CFD8060C,1,mask_Level-II.nii.gz
7B2DCC142C9DF4,1,mask_CTVn_L2.nii.gz
7B3136FA6AABFC,1,mask_CTVn_L2.nii.gz
7B713DA874681E,1,mask_CTVn_L2.nii.gz
7B83DCBE39C2CE,1,mask_Level-II.nii.gz
7BC2CCF3886B1A,1,mask_Level-II.nii.gz
7C5CFABFECEC24,1,mask_Level-II.nii.gz
7D279BF8E93A86,1,mask_CTVn_L2.nii.gz
7D59E7DAB671D4,1,mask_Level-II.nii.gz
7E10DACE1A00A5,1,mask_Level-II.nii.gz
7E390B96E14927,1,mask_Level_2.nii.gz
7E6DD83A8F3F7D,1,mask_Level_2.nii.gz
7E79249442913D,1,mask_Level_2.nii.gz
7EE4A52A32722A,1,mask_CTV-N-L2.nii.gz
7EE571ACC2173E,1,mask_CTVn_L2.nii.gz
7EF69F877E30B5,1,mask_Level-II.nii.gz
7F0F7EB866E3A2,1,mask_Level-II.nii.gz
7F57E0CF173F95,1,mask_CTVn_L2.nii.gz
7FCBB0A39534F5,1,mask_Level-II.nii.gz
80248D150FD5B0,1,mask_Level-II.nii.gz
802B1AD5178428,1,mask_CTV-N-L2.nii.gz
80312F74C4CFA6,1,mask_Level-II.nii.gz
80ABAEC0C46842,1,mask_Level-II.nii.gz
80D3652BC42377,1,mask_CTVn_L2.nii.gz
81048DF12A5C3C,1,mask_Level-II.nii.gz
813A7077219A00,1,mask_level-2-ap.nii.gz
81F5E316526FC6,1,mask_Level_2.nii.gz
820C9D03A04488,1,mask_Level-II.nii.gz
827E0C4869F0CC,1,mask_Level-II.nii.gz
82900802D3D3B2,1,mask_CTVn_L2.nii.gz
836425FA5206AE,1,mask_Level-II.nii.gz
8372838A85330E,1,mask_CTV-Level-II.nii.gz
83B29382AF28BE,1,mask_Level-II.nii.gz
83EE9027D132BE,1,mask_Level-II.nii.gz
8418EB0AEFA08C,1,mask_CTV-N-L2.nii.gz
842F01A707DF00,1,mask_Level-II.nii.gz
843BA112E2DD09,1,mask_Level-II.nii.gz
8453BB5E6E0352,1,mask_Level-II.nii.gz
8495EFD807DD30,1,mask_CTVn_L2.nii.gz
84B152FD8353C9,1,mask_CTVn_L2.nii.gz
84F446DA1AFB5A,1,mask_Level-II.nii.gz
85220440F8ABC5,1,mask_Level-II.nii.gz
855B5B92D5ACA6,1,mask_CTV-Level-II.nii.gz
857A40FD5E6074,1,mask_Level-II.nii.gz
858DC6C2E90F8E,1,mask_Level-II.nii.gz
85C2DD0C20BA0E,1,mask_CTVn_L2.nii.gz
863244845A2C52,1,mask_CTVn_L2.nii.gz
870FC59FE85DA6,1,mask_Level-II.nii.gz
87A74EE26BD8EF,1,mask_Level-II.nii.gz
87ECBEE79D9877,1,mask_CTV-N-L2.nii.gz
87F66140A27408,1,mask_CTVn_L2.nii.gz
884FC0A26AAC41,1,mask_Level-II.nii.gz
88F90F55E5CFBC,1,mask_CTVn_L2.nii.gz
893B83F11A5DBA,1,mask_CTVn_L2.nii.gz
898F0AAF3C4FAA,1,mask_CTV-N-L2.nii.gz
89A15F6EEDAE24,1,mask_Level-II.nii.gz
89AEA72FFE8849,1,mask_CTVn_L2.nii.gz
89C502439FFDAF,1,mask_CTV-N-L2.nii.gz
8A8B5DD5FCB729,1,mask_CTVn_L2.nii.gz
8AE15973042889,1,mask_CTVn_L2.nii.gz
8AE3944818D67D,1,mask_Level_2.nii.gz
8AFA36890F2DB8,1,mask_CTV-N-L2.nii.gz
8BB1EE3E25D986,1,mask_CTVn_L2.nii.gz
8BB8E0FE9B832F,1,mask_Level_2.nii.gz
8BBE98905D3402,1,mask_Level-II.nii.gz
8BCFBD46493BE0,1,mask_Level_2.nii.gz
8BD4482EDA4290,1,mask_Level-II.nii.gz
8C773EB9908ADF,1,mask_CTVn_L2.nii.gz
8C83D79BD7BC44,1,mask_Level-II.nii.gz
8D174F027E436C,1,mask_Level-II.nii.gz
8D28DA8B165A51,1,mask_Level-II.nii.gz
8DB489FFF71049,1,mask_Level-II.nii.gz
8E1531908A060D,1,mask_Level-II.nii.gz
8EAA491A454C8C,1,mask_CTVn_L2.nii.gz
8F4A4B35F6A2F6,1,mask_CTVn_L2.nii.gz
8FBA46D651BEB0,1,mask_CTV-Level-II.nii.gz
903D664842B83F,1,mask_CTVn_L2.nii.gz
9070ED17DC9FB7,1,mask_CTV-Level-II.nii.gz
908186591532E5,1,mask_CTVn_L2.nii.gz
90C8C3BC18CD1E,1,mask_Level-II.nii.gz
914BAD87878490,1,mask_CTVn_L2.nii.gz
91E1F602D147FE,1,mask_Level-II.nii.gz
924A1CB1114B44,1,mask_CTVn_L2.nii.gz
925E19648C9EB5,1,mask_Level-II.nii.gz
92714C97200174,1,mask_Level-II.nii.gz
92F3248C205102,1,mask_CTVn_L2.nii.gz
92F8A72DDBC065,1,mask_Level_2.nii.gz
93285A0C647D92,1,mask_Level-II.nii.gz
936F024C66938C,1,mask_Level-II.nii.gz
93BEF1DA1B7E54,1,mask_CTVn_L2.nii.gz
93F0A70D882A59,1,mask_CTVn_L2.nii.gz
942FB3B6C34FD1,1,mask_Level-II.nii.gz
9452EF879425CE,1,mask_CTVn_L2.nii.gz
94C1F4329A5BCC,1,mask_CTVn_L2.nii.gz
9500A9C51FE868,1,mask_Level_2.nii.gz
9510125E956449,1,mask_Level-II.nii.gz
952B42C855F640,1,mask_CTVn_L2.nii.gz
9594785B703164,1,mask_CTVn_L2.nii.gz
95CB803CA01CBA,1,mask_CTV-Level-II.nii.gz
95EF35F5F3CEAB,1,mask_Level-II.nii.gz
961342BC56E8C1,1,mask_CTVn_L2.nii.gz
965A99377CCAC7,1,mask_Level-II.nii.gz
9717CA387379C5,1,mask_Level_2.nii.gz
972196C9D4F38F,1,mask_Level-II.nii.gz
973C3DD8EA0240,1,mask_Level_2.nii.gz
975A01E347AB42,1,mask_Level_2.nii.gz
97E22121BDA854,1,mask_Level_2.nii.gz
97E77774319539,1,mask_Level-II.nii.gz
98516E81745E04,1,mask_CTV-N-L2.nii.gz
98769DFF385033,1,mask_Level_2.nii.gz
989FB5F9B0EE81,1,mask_Level-II.nii.gz
98BB33CAF2B000,1,mask_Level-II.nii.gz
98C159CDF18624,1,mask_CTVn_L2.nii.gz
98FED45CA8F738,1,mask_Level-II.nii.gz
991849C2A9D1E6,1,mask_Level_2.nii.gz
999DAD707B0848,1,mask_Level-II.nii.gz
99B98C7CC734C6,1,mask_Level-II.nii.gz
99FB1ABFDC553A,1,mask_Level-II.nii.gz
9A31641FAE0500,1,mask_Level_2.nii.gz
9A3F2B40D0ACF6,1,mask_CTVn_L2.nii.gz
9A50E2C02D3322,1,mask_Level-II.nii.gz
9AA7BD54FE9090,1,mask_CTVn_L2.nii.gz
9B0538C7441381,1,mask_Level-II.nii.gz
9B0C0E2C39941B,1,mask_Level-II.nii.gz
9B24102293339F,1,mask_CTVn_L2.nii.gz
9B61F667579FB3,1,mask_Level-II.nii.gz
9B7E675ED35557,1,mask_Level-II.nii.gz
9C3D0131F28192,1,mask_Level-II.nii.gz
9CB8D24F358460,1,mask_CTVn_L2.nii.gz
9CBD26522E756B,1,mask_Level-II.nii.gz
9D58D5151E8028,1,mask_Level-II.nii.gz
9D65A28D3777EA,1,mask_CTV-Level-II.nii.gz
9D670828D330E5,1,mask_CTV-N-L2.nii.gz
9D82BDD1C9504E,1,mask_CTVn_L2.nii.gz
9EBBDE63779320,1,mask_CTVn_L2.nii.gz
9F2260E2299B02,1,mask_CTVn_L2.nii.gz
A00272A1872B86,1,mask_Level-II.nii.gz
A0287916F4C0E1,1,mask_Level-II.nii.gz
A04A89A8ABA5E0,1,mask_CTVn_L2.nii.gz
A06611F85426CE,1,mask_CTVn_L2.nii.gz
A0E29BB92FF11A,1,mask_Level-II.nii.gz
A1A845FFEB2EE2,1,mask_CTVn_L2.nii.gz
A213F38331A47D,1,mask_Level_2.nii.gz
A23310DD1C3026,1,mask_Level-II.nii.gz
A23F6E0C85678F,1,mask_CTVn_L2.nii.gz
A26DAACB12C975,1,mask_CTVn_L2.nii.gz
A294064D08399D,1,mask_Level-II.nii.gz
A2C4213B415C45,1,mask_CTVn_L2.nii.gz
A2F23A25600A3F,1,mask_Level-II.nii.gz
A34797A3B20E08,1,mask_Level-II.nii.gz
A382F4D633AD3C,1,mask_CTVn_L2.nii.gz
A3E66409F2CF0B,1,mask_Level-II.nii.gz
A3EA1F112016A3,1,mask_CTVn_L2.nii.gz
A40744FE13FD1D,1,mask_CTVn_L2.nii.gz
A40A0B1C097BFE,1,mask_CTVn_L2.nii.gz
A4F59DE4275B87,1,mask_CTVn_L2.nii.gz
A50F674A0A160A,1,mask_CTVn_L2.nii.gz
A56331964BD6E2,1,mask_CTV-N-L2.nii.gz
A5A6270E041845,1,mask_CTVn_L2.nii.gz
A5B2AE2E6881A5,1,mask_CTV-Level-II.nii.gz
A5CEFCE62CC8A6,1,mask_CTV-N-L2.nii.gz
A655E997FF5F05,1,mask_CTV-N-L2.nii.gz
A6B6A008FF16BB,1,mask_CTV-N-L2.nii.gz
A6D3EFBBE965CA,1,mask_CTV-Level-II.nii.gz
A6D9D111C299E6,1,mask_Level-II.nii.gz
A74E8961C8C190,1,mask_Level-II.nii.gz
A76B98167E6BE0,1,mask_Level-II.nii.gz
A773CAADC33AF5,1,mask_CTVn_L2.nii.gz
A7AF167C553C06,1,mask_Level-II.nii.gz
A7DD4B8EB4A68F,1,mask_CTVn_L2.nii.gz
A8517762239D8D,1,mask_Level-II.nii.gz
A88EE820719CF6,1,mask_Level-II.nii.gz
A8A2FE4B306DF6,1,mask_Level_2.nii.gz
A8EC928EF044E9,1,mask_Level_2.nii.gz
A9028B788FD7C0,1,mask_Level-II.nii.gz
A9089929A6B4D0,1,mask_Level-II.nii.gz
A91C67D5BA67D2,1,mask_CTVn_L2.nii.gz
A965BCFDA55FE5,1,mask_Level-II.nii.gz
A981FFE7E9D354,1,mask_CTV-Level-II.nii.gz
A9D77067F1B57E,1,mask_Level-II.nii.gz
A9E1AD8510D3ED,1,mask_CTVn_L2.nii.gz
AA43DF80B1BA7B,1,mask_CTVn_L2.nii.gz
AA89E97B42B3A5,1,mask_CTV-Level-II.nii.gz
AA990D524F8FA1,1,mask_CTVn_L2.nii.gz
AA9B6716CC63F7,1,mask_Level-II.nii.gz
AADE9C8617C9E6,1,mask_CTVn_L2.nii.gz
AB3DB8A28B35C8,1,mask_Level-II.nii.gz
AB65D295D94560,1,mask_Level-II.nii.gz
AB6E61B32FABA1,1,mask_CTVn_L2.nii.gz
AC35FAA0CCC2DA,1,mask_CTVn_L2.nii.gz
AD60EA600C76D3,1,mask_CTVn_L2.nii.gz
AD80F195390A66,1,mask_Level-II.nii.gz
ADA61EC049FB92,1,mask_Level_2.nii.gz
ADD91CD5CC3556,1,mask_CTVn_L2.nii.gz
ADDEE358528751,1,mask_CTVn_L2.nii.gz
AE5D96A5D37234,1,mask_Level-II.nii.gz
AE769628BDF73E,1,mask_CTVn_L2.nii.gz
AE8B62736A685E,1,mask_CTVn_L2.nii.gz
AECB7BC2C02D70,1,mask_Level-II.nii.gz
AEE5EA0604809A,1,mask_Level-II.nii.gz
AFBC48A8B18A2F,1,mask_Level-II.nii.gz
AFE8C888111FC1,1,mask_CTV-N-L2.nii.gz
B0A50CC72E7C80,1,mask_CTV-Level-II.nii.gz
B0BDBC6EE8A7AC,1,mask_CTV-Level-II.nii.gz
B1086244CEF3C6,1,mask_Level-II.nii.gz
B13ABE17472CCA,1,mask_Level-II.nii.gz
B143FEF15DF064,1,mask_CTVn_L2.nii.gz
B152F38E01D46A,1,mask_Level-II.nii.gz
B197FD7517A308,1,mask_CTVn_L2.nii.gz
B1B2A29278D34A,1,mask_CTV-N-L2.nii.gz
B1EB9291CE3C3D,1,mask_CTVn_L2.nii.gz
B204CF20A32095,1,mask_CTVn_L2.nii.gz
B242910592BC23,1,mask_CTV-N-L2.nii.gz
B28C5A98F51AEC,1,mask_Level-II.nii.gz
B29BA58F6B813A,1,mask_CTVn_L2.nii.gz
B2B27B3291ADE9,1,mask_CTVn_L2.nii.gz
B30BBA37B7F1F6,1,mask_CTV-Level-II.nii.gz
B327C10BF27D02,1,mask_Level-II.nii.gz
B329665667221B,1,mask_Level-II.nii.gz
B3418EBEB0FDA6,1,mask_Level-II.nii.gz
B38A531E3BD3CE,1,mask_CTVn_L2.nii.gz
B3B3A36065406A,1,mask_Level-II.nii.gz
B3E25C4529DE7F,1,mask_Level-II.nii.gz
B3F23F1EE7984E,1,mask_Level-II.nii.gz
B4B35F5A8358F2,1,mask_CTVn_L2.nii.gz
B4EB5C35A3F686,1,mask_Level-II.nii.gz
B5479D9ABD18B6,1,mask_Level-II.nii.gz
B5B6D856FC56E8,1,mask_Level-II.nii.gz
B60C12D04C4AD6,1,mask_Level-II.nii.gz
B6ED2E62BAF926,1,mask_CTVn_L2.nii.gz
B6F1EA86A12921,1,mask_CTV-Level-II.nii.gz
B73D5AEB95CCB5,1,mask_Level-II.nii.gz
B76ED06A962875,1,mask_CTVn_L2.nii.gz
B77A9FDDC52843,1,mask_CTVn_L2.nii.gz
B782571D84598E,1,mask_CTV-Level-II.nii.gz
B789642FF20366,1,mask_CTVn_L2.nii.gz
B894C669EEF82A,1,mask_CTVn_L2.nii.gz
B8AED97FF5C52B,1,mask_Level-II.nii.gz
B8C09B89388302,1,mask_CTVn_L2.nii.gz
B97F2483B5BBA5,1,mask_Level-II.nii.gz
B98EED855042B6,1,mask_Level-II.nii.gz
B9EAA7B6AA3812,1,mask_CTVn_L2.nii.gz
BA02051A1D6C2F,1,mask_Level-II.nii.gz
BA4252C9A5E26D,1,mask_Level-II.nii.gz
BA73AEB1E3143C,1,mask_Level-II.nii.gz
BA94DB3FA3C1DA,1,mask_CTVn_L2.nii.gz
BAD21315728717,1,mask_CTVn_L2.nii.gz
BADBA4C8ADBDF4,1,mask_Level-II.nii.gz
BADD5B5171BAB8,1,mask_level-II.nii.gz
BAFE706CD34DBD,1,mask_CTVn_L2.nii.gz
BB40BD7F41398E,1,mask_CTVn_L2.nii.gz
BB9A76B790D840,1,mask_CTV-N-L2.nii.gz
BBA93378C3D3C9,1,mask_Level-II.nii.gz
BBC7C0EA46CFEF,1,mask_Level-II.nii.gz
BC4D0A38B45BA4,1,mask_CTV-Level-II.nii.gz
BC546FD2E9235D,1,mask_CTVn_L2.nii.gz
BC5E4D9F2C5246,1,mask_Level-II.nii.gz
BC8BA0AD3A62DE,1,mask_Level-II.nii.gz
BCBBADBA74C66B,1,mask_CTVn_L2.nii.gz
BCBDFBDB180969,1,mask_Level-II.nii.gz
BCDA7C9D27A38E,1,mask_Level-II.nii.gz
BCEE204CB9ABCC,1,mask_CTV-Level-II.nii.gz
BD0F13B2952731,1,mask_CTVn_L2.nii.gz
BD6B9FEA39888C,1,mask_CTV-Level-II.nii.gz
BD746E32A184EF,1,mask_Level-II.nii.gz
BD9F83780542BC,1,mask_Level_2.nii.gz
BDC44BEB45651A,1,mask_Level_2.nii.gz
BDCE110E49CA71,1,mask_Level-II.nii.gz
BDF3568519C3D2,1,mask_Level-II.nii.gz
BE547F3F3963F6,1,mask_Level-II.nii.gz
BEA34EB98A31AA,1,mask_CTVn_L2.nii.gz
BEA4E4EBB90E4F,1,mask_Level-II.nii.gz
BF133BE56EBDF7,1,mask_CTVn_L2.nii.gz
BF2C885EF808FA,1,mask_Level-II.nii.gz
BF6ED37BC34182,1,mask_CTVn_L2.nii.gz
BFCC86C6E62A4F,1,mask_CTV-N-L2.nii.gz
BFD8C44AD53682,1,mask_Level_2.nii.gz
BFF394E248974F,1,mask_CTV-Level-II.nii.gz
BFF727E6D64979,1,mask_Level-II.nii.gz
C10C110E0D691C,1,mask_CTVn_L2.nii.gz
C10CA978BC4109,1,mask_CTV-Level-II.nii.gz
C18A183A093DAB,1,mask_CTVn_L2.nii.gz
C19BF124CA7EEA,1,mask_Level-II.nii.gz
C22B2E39DBC5BD,1,mask_CTV-N_L2.nii.gz
C27B91B381BD52,1,mask_Level-II.nii.gz
C2A9EBA6048039,1,mask_Level-II.nii.gz
C2BF904227E841,1,mask_Level-II.nii.gz
C2CDFE49F4824A,1,mask_Level-II.nii.gz
C2D10ACF1132A2,1,mask_CTVn_L2.nii.gz
C2D75ECD561726,1,mask_CTVn_L2.nii.gz
C2FE131C2AABBB,1,mask_Level_2.nii.gz
C37299B9FC2F6A,1,mask_Level-II.nii.gz
C385547E1C8C08,1,mask_CTVn_L2.nii.gz
C3B161D37DC891,1,mask_CTVn_L2.nii.gz
C412F3DC09B6C7,1,mask_Level-II.nii.gz
C42B4485F0A2BE,1,mask_CTV-N-L2.nii.gz
C430107E3FE4E1,1,mask_CTVn_L2.nii.gz
C4D36A27127DF3,1,mask_Level-II.nii.gz
C519FADD915389,1,mask_CTVn_L2.nii.gz
C56713B8C435ED,1,mask_CTV-Level-II.nii.gz
C57178D27C389E,1,mask_Level-II.nii.gz
C5AE7F54E9EE3A,1,mask_CTVn_L2.nii.gz
C5E97F0F028F60,1,mask_CTVn_L2.nii.gz
C5EB1C1CB3D41B,1,mask_CTVn_L2.nii.gz
C69C7A522CC227,1,mask_Level-II.nii.gz
C6B8FB88D508D2,1,mask_CTVn_L2.nii.gz
C6C4CE7CED3DFF,1,mask_Level-II.nii.gz
C6EDE59F116BF2,1,mask_CTVn_L2.nii.gz
C703E8DC66A7C9,1,mask_CTVn_L2.nii.gz
C7973273EF9EC2,1,mask_Level-II.nii.gz
C7BA10BF675021,1,mask_Level-II.nii.gz
C7C8F58DA109BB,1,mask_Level-II.nii.gz
C84E7B1380BA42,1,mask_Level-II.nii.gz
C918D8858EE358,1,mask_Level-II.nii.gz
C91E8E1E48A47A,1,mask_Level-II.nii.gz
C9ADC9A0C34B67,1,mask_CTVn_L2.nii.gz
C9C3D5FCE5E34E,1,mask_CTVn_L2.nii.gz
CA3725D54D3814,1,mask_Level_2.nii.gz
CA42C9165ABB64,1,mask_Level-II.nii.gz
CA7318AEE4FA98,1,mask_CTVn_L2.nii.gz
CAFABEB3285BB4,1,mask_Level-II.nii.gz
CB5234FC80DA90,1,mask_Level-II.nii.gz
CBFC6125A5A919,1,mask_Level_2.nii.gz
CC3557164DF69C,1,mask_Level-II.nii.gz
CC6E53A7C07492,1,mask_CTVn_L2.nii.gz
CD248C0B169251,1,mask_CTVn_L2.nii.gz
CD6FD82D9BCADF,1,mask_Level-II.nii.gz
CD91279CB2A312,1,mask_CTVn_L2.nii.gz
CDBFDC0188EE27,1,mask_Level-II.nii.gz
CE1D4F3FBFB67C,1,mask_Level_2.nii.gz
CE6B503A4BD449,1,mask_Level_2.nii.gz
CE80D320698FD2,1,mask_Level-II.nii.gz
CF225EE9703007,1,mask_Level-II.nii.gz
CF22FB31B5826B,1,mask_Level-II.nii.gz
CF35FF8BB1B348,1,mask_CTVn_L2.nii.gz
CF657532D03B32,1,mask_CTVn_L2.nii.gz
CF84A2285F6320,1,mask_Level-II.nii.gz
CF85085CECC20C,1,mask_CTVn_L2.nii.gz
CF9FD51D5A8E35,1,mask_Level-II.nii.gz
D071FBDC6E8F96,1,mask_CTV-axil-II-III.nii.gz
D0FCAC0BB63512,1,mask_Level-II.nii.gz
D142927D5528EF,1,mask_Level-II.nii.gz
D16C80AC4D5F9F,1,mask_Level-II.nii.gz
D196E29A880320,1,mask_Level-II.nii.gz
D1DF171A0099DC,1,mask_CTVn_L2.nii.gz
D292D66448C917,1,mask_CTVn_L2.nii.gz
D2E8034949AFB9,1,mask_CTVn_L2.nii.gz
D2EA7CB4505BF8,1,mask_Level_2.nii.gz
D31E95577F19C6,1,mask_CTVn_L2.nii.gz
D3381E0BD820FC,1,mask_CTVn_L2.nii.gz
D3A97912A3EF1F,1,mask_Level-II.nii.gz
D3FF64AE3C5AF3,1,mask_CTVn_L2.nii.gz
D4D65FC3EEA0F7,1,mask_Level-II.nii.gz
D4EA8DFF919157,1,mask_Level-II.nii.gz
D4EC6777BC4621,1,mask_Level-II.nii.gz
D5080D01EDDCF1,1,mask_Level-II.nii.gz
D50C93F0F0806B,1,mask_CTVn_L2.nii.gz
D5B643F8215980,1,mask_Level_2.nii.gz
D625E1D49822EA,1,mask_Level-II.nii.gz
D6DCAA3E7479E2,1,mask_Level-II.nii.gz
D6E22788ED4E2F,1,mask_CTVn_L2.nii.gz
D77E4AE11A9930,1,mask_CTVn_L2.nii.gz
D794995EF732ED,1,mask_Level-II.nii.gz
D795955E9359C6,1,mask_CTVn_L2.nii.gz
D79EDA1EE82042,1,mask_Level-II.nii.gz
D7D340BDC904A8,1,mask_Level-II.nii.gz
D7FA919DBCE9DD,1,mask_Level-II.nii.gz
D7FFD87D22725C,1,mask_CTVn_L2.nii.gz
D80E64788B20DD,1,mask_Level-II.nii.gz
D8AA73B345C47F,1,mask_CTVn_L2.nii.gz
D8C9997001EA10,1,mask_CTVn_L2.nii.gz
D8EE3E04570F02,1,mask_CTVn_L2-sin.nii.gz
D902C9266A845B,1,mask_CTVn_L2.nii.gz
D978FBB1973F8C,1,mask_CTVn_L2.nii.gz
D9A98EF921CEBD,1,mask_CTV-Level-II.nii.gz
DA13F56D306320,1,mask_Level-II.nii.gz
DA16E738BFF71F,1,mask_CTVn_L2.nii.gz
DA581ABF15515A,1,mask_Level-II.nii.gz
DA5E26B5F5D40B,1,mask_Level-II.nii.gz
DAA333B0584386,1,mask_Level-II-III-ap.nii.gz
DABAA79169B420,1,mask_Level-II.nii.gz
DAE1A2EB7918EB,1,mask_Level-II.nii.gz
DB64389F7C56A1,1,mask_CTV-Level-II.nii.gz
DB75892A73B63F,1,mask_CTVn_L2.nii.gz
DB77ACD7998D76,1,mask_CTVn_L2.nii.gz
DB96BB11C16200,1,mask_CTV-Level-II.nii.gz
DBC68BD8B8E12A,1,mask_Level_2.nii.gz
DBF51798CA807A,1,mask_CTV-Level-II.nii.gz
DC4BC3738F7636,1,mask_Level-II.nii.gz
DC58B627BBB71B,1,mask_CTVn_L2.nii.gz
DCED1110CC3870,1,mask_CTVn_L2.nii.gz
DCFCD1394EDA01,1,mask_Level_2.nii.gz
DD0BE6AF73C778,1,mask_CTVn_L2.nii.gz
DE551D697FCD06,1,mask_CTV-Level-II.nii.gz
DE5C37B970576D,1,mask_CTVn_L2.nii.gz
DEE7D1050E3B9F,1,mask_Level-II.nii.gz
DEF3821D8E01D8,1,mask_Level-II.nii.gz
DF00F313A81B5E,1,mask_Level-II.nii.gz
DF2296D8E73F8F,1,mask_Level-II.nii.gz
DF2DB76303E6C5,1,mask_CTV-Level-II.nii.gz
DF377FEDD09ADB,1,mask_Level_2.nii.gz
DF50E1B3D310EB,1,mask_CTVn_L2.nii.gz
DFA5D2E0DA5B0B,1,mask_CTVn_L2.nii.gz
DFBDB08691361E,1,mask_CTVn_L2.nii.gz
DFDDD265EE6826,1,mask_CTV-Level-II.nii.gz
DFDDDB897B050D,1,mask_CTV-Level-II.nii.gz
E003D49842F658,1,mask_CTVn_L2.nii.gz
E0EF1CA9FEBC84,1,mask_CTVn_L2.nii.gz
E0F56E9C85B4CC,1,mask_Level-II.nii.gz
E135F0B068B8EE,1,mask_CTVn_L2.nii.gz
E16EA44033F344,1,mask_CTVn_L2.nii.gz
E30FEF00E822E0,1,mask_CTV-N-L2.nii.gz
E3122D231F3436,1,mask_CTV-N-L2.nii.gz
E3273874B2CFB6,1,mask_Level-II.nii.gz
E354B8E9E01E57,1,mask_Level_2.nii.gz
E37BD8E7125395,1,mask_CTVn_L2.nii.gz
E3B0CB9D51431C,1,mask_CTVn_L2.nii.gz
E3B94354F65F5A,1,mask_CTVn_L2.nii.gz
E3CF2BCF718D98,1,mask_Level-II.nii.gz
E44552A6525820,1,mask_CTVn_L2.nii.gz
E446BA9EB2CC5E,1,mask_Level-II.nii.gz
E4C554142C75F9,1,mask_Level-II.nii.gz
E50950BBF86208,1,mask_Level-II.nii.gz
E5268B3399CC51,1,mask_Level_2.nii.gz
E558834D22F533,1,mask_Level-II.nii.gz
E57D50A3080576,1,mask_Level-II.nii.gz
E59AA73527082F,1,mask_Level-II.nii.gz
E5A05D442A0EE6,1,mask_Level-II.nii.gz
E5A1F7B777389C,1,mask_CTV-Level-II.nii.gz
E5A66C553BA066,1,mask_CTVn_L2.nii.gz
E5A871FC312897,1,mask_Level-II.nii.gz
E5C15BABE7699B,1,mask_CTV-N-L2.nii.gz
E6CCC63A22D381,1,mask_Level_2.nii.gz
E73FF4C2E20539,1,mask_CTVn_L2.nii.gz
E74E39B6AC6247,1,mask_CTVn_L2.nii.gz
E76FB19841448A,1,mask_CTVn_L2.nii.gz
E786D1776E161B,1,mask_Level_2.nii.gz
E7AE13714D3780,1,mask_CTV-N-L2.nii.gz
E7D3997CA6666B,1,mask_Level-II.nii.gz
E7DD54EE110A5F,1,mask_Level-II.nii.gz
E8B45DD0F7FEC0,1,mask_CTVn_L2.nii.gz
E92B0294D6F3B0,1,mask_Level-II.nii.gz
E9A2F6620A848D,1,mask_CTV-Level-II.nii.gz
EA434663BAEA7D,1,mask_Level_2.nii.gz
EA8270D57201C4,1,mask_CTVn_L2.nii.gz
EAC27590A32CAB,1,mask_Level-II.nii.gz
EADC081C36E336,1,mask_Level-II.nii.gz
EBDA39E236B4E7,1,mask_CTVn_L2.nii.gz
EBF8A3C4AF666E,1,mask_CTVn-L2.nii.gz
ECCD4E391F7DC0,1,mask_CTV-Level-II.nii.gz
ED80FC533513E0,1,mask_Level-II.nii.gz
EE3358823FCC16,1,mask_CTVn_L2.nii.gz
EE67447B9404EC,1,mask_CTVn_L2.nii.gz
EE85411010B40F,1,mask_Level_2.nii.gz
EE93760D3A5388,1,mask_Level-II.nii.gz
EEC13B2CB193C9,1,mask_CTVn_L2.nii.gz
EF38CBE95CFC4A,1,mask_Level-II.nii.gz
EF6C79ADB19B03,1,mask_Level-II.nii.gz
EF6DF91C2D45FC,1,mask_Level_2.nii.gz
EFE71AA8872633,1,mask_Level-II.nii.gz
F06B251F703A36,1,mask_Level-II.nii.gz
F08675A4C2E903,1,mask_Level-II.nii.gz
F094C0B38A3B10,1,mask_Level-II.nii.gz
F09AF8DCF6243D,1,mask_Level-II.nii.gz
F0A62BC201808F,1,mask_Level-II.nii.gz
F0BC753FAF9779,1,mask_CTVn_L2.nii.gz
F0DEDE63258C12,1,mask_CTVn_L2.nii.gz
F1343063B96737,1,mask_CTVn_L2.nii.gz
F1A92FE8C42E3E,1,mask_Level-II.nii.gz
F2509170969CA0,1,mask_Level-II.nii.gz
F28C6E10BBB000,1,mask_CTVn_L2.nii.gz
F29F9C1E2111D8,1,mask_Level-II.nii.gz
F2A74711ECFCA2,1,mask_Level_2.nii.gz
F2EE82B2C160A2,1,mask_Level-II.nii.gz
F33084E7907B70,1,mask_CTVn_L2.nii.gz
F35874E6215D95,1,mask_Level-II.nii.gz
F3626833A2A97B,1,mask_Level-II.nii.gz
F3D46D9B853720,1,mask_Level-II.nii.gz
F3E31E2ED014BE,1,mask_Level_2.nii.gz
F45AF85856681F,1,mask_Level-II.nii.gz
F4641D4EA2389C,1,mask_Level-II.nii.gz
F4C1682EAC2AB7,1,mask_CTVn_L2.nii.gz
F5A3BEBBD97251,1,mask_Level-II.nii.gz
F5C2230C46F1A7,1,mask_CTV-Level-II.nii.gz
F5E6249B8C26F1,1,mask_Level-II.nii.gz
F612D755BE07B0,1,mask_Level-II.nii.gz
F6177AEE7C6504,1,mask_Level-II.nii.gz
F63D78313131E5,1,mask_CTVn_L2.nii.gz
F66782AFAF409A,1,mask_CTVn_L2.nii.gz
F69B4FE7FBFF72,1,mask_CTV-Level-II.nii.gz
F6A4FC61D3640A,1,mask_Level-II.nii.gz
F6BD14AB8295CD,1,mask_CTV-Level-II.nii.gz
F6D223D83EAEE3,1,mask_CTVn_L2.nii.gz
F7504432962ACE,1,mask_Level-II.nii.gz
F82916D08B4193,1,mask_CTV-Level-II.nii.gz
F8433AB50AB3BE,1,mask_CTVn_L2.nii.gz
F8BDF16009CEA4,1,mask_CTV-N-L2.nii.gz
F8F78CB6732B1E,1,mask_CTVn_L2.nii.gz
F94E014E7C0151,1,mask_Level_2.nii.gz
FA1F8F4AE3C5CA,1,mask_CTVn_L2.nii.gz
FA324FF699EAFE,1,mask_Level-II.nii.gz
FA3EACB813B2C1,1,mask_CTVn_L2.nii.gz
FA9D119A05391D,1,mask_Level-II.nii.gz
FAF777B175DFE0,1,mask_CTV-N-L2.nii.gz
FAFBCDCC7B881F,1,mask_Level-II.nii.gz
FB651914EABCE6,1,mask_Level-II.nii.gz
FB6B5D86B34A64,1,mask_CTVn_L2.nii.gz
FC6D2031192243,1,mask_Level-II.nii.gz
FCB7BCFACD7989,1,mask_Level_2.nii.gz
FCD95F8444D924,1,mask_Level-II.nii.gz
FD0587E07B4AD0,1,mask_CTVn_L2.nii.gz
FD358BBBD208AE,1,mask_CTV-N-L2.nii.gz
FD57171B28C285,1,mask_Level-II.nii.gz
FDE0D02D3C4C7E,1,mask_Level_2.nii.gz
FE996270BB5AD6,1,mask_Level-II.nii.gz
FF30F8AB4DB47C,1,mask_Level-II.nii.gz
FF67D8CB65C62E,1,mask_CTVn_L2.nii.gz
